{
  "validation": {
    "mae": 8365.006856814605,
    "rmse": 11251.569487658498,
    "r2": 0.6082360964445354,
    "mape": 3.5104879898572827,
    "median_absolute_error": 6390.631230468751
  },
  "test": {
    "mae": 8195.519164673939,
    "rmse": 11690.06599972786,
    "r2": 0.588651108214715,
    "mape": 1.3436479313355307,
    "median_absolute_error": 5629.672499999999
  }
}